,Name,Genre,Year,Directors,Cast,Runtime,Description
0,The Shawshank Redemption,Drama,1994,"Frank Darabont, ","Tim Robbins, Morgan Freeman, Bob Gunton, William Sadler, ",142,"Two imprisoned men bond over a number of years, finding solace and eventual redemption through acts of common decency."
1,The Godfather,"Crime, Drama",1972,"Francis Ford Coppola, ","Marlon Brando, Al Pacino, James Caan, Diane Keaton, ",175,The aging patriarch of an organized crime dynasty transfers control of his clandestine empire to his reluctant son.
2,The Dark Knight,"Action, Crime, Drama",2008,"Christopher Nolan, ","Christian Bale, Heath Ledger, Aaron Eckhart, Michael Caine, ",152,"When the menace known as the Joker wreaks havoc and chaos on the people of Gotham, Batman must accept one of the greatest psychological and physical tests of his ability to fight injustice."
3,The Godfather: Part II,"Crime, Drama",1974,"Francis Ford Coppola, ","Al Pacino, Robert De Niro, Robert Duvall, Diane Keaton, ",202,"The early life and career of Vito Corleone in 1920s New York City is portrayed, while his son, Michael, expands and tightens his grip on the family crime syndicate."
4,The Lord of the Rings: The Return of the King,"Adventure, Drama, Fantasy",2003,"Peter Jackson, ","Elijah Wood, Viggo Mortensen, Ian McKellen, Orlando Bloom, ",201,Gandalf and Aragorn lead the World of Men against Sauron's army to draw his gaze from Frodo and Sam as they approach Mount Doom with the One Ring.
5,Pulp Fiction,"Crime, Drama",1994,"Quentin Tarantino, ","John Travolta, Uma Thurman, Samuel L. Jackson, Bruce Willis, ",154,"The lives of two mob hitmen, a boxer, a gangster and his wife, and a pair of diner bandits intertwine in four tales of violence and redemption."
6,Schindler's List,"Biography, Drama, History",1993,"Steven Spielberg, ","Liam Neeson, Ralph Fiennes, Ben Kingsley, Caroline Goodall, ",195,"In German-occupied Poland during World War II, industrialist Oskar Schindler gradually becomes concerned for his Jewish workforce after witnessing their persecution by the Nazis."
7,12 Angry Men,Drama,1957,"Sidney Lumet, ","Henry Fonda, Lee J. Cobb, Martin Balsam, John Fiedler, ",96 ,A jury holdout attempts to prevent a miscarriage of justice by forcing his colleagues to reconsider the evidence.
8,Inception,"Action, Adventure, Sci-Fi",2010,"Christopher Nolan, ","Leonardo DiCaprio, Joseph Gordon-Levitt, Ellen Page, Ken Watanabe, ",148,A thief who steals corporate secrets through the use of dream-sharing technology is given the inverse task of planting an idea into the mind of a C.E.O.
9,Fight Club,Drama,1999,"David Fincher, ","Brad Pitt, Edward Norton, Meat Loaf, Zach Grenier, ",139,"An insomniac office worker and a devil-may-care soapmaker form an underground fight club that evolves into something much, much more."
10,The Lord of the Rings: The Fellowship of the Ring,"Action, Adventure, Drama",2001,"Peter Jackson, ","Elijah Wood, Ian McKellen, Orlando Bloom, Sean Bean, ",178,A meek Hobbit from the Shire and eight companions set out on a journey to destroy the powerful One Ring and save Middle-earth from the Dark Lord Sauron.
11,Forrest Gump,"Drama, Romance",1994,"Robert Zemeckis, ","Tom Hanks, Robin Wright, Gary Sinise, Sally Field, ",142,"The presidencies of Kennedy and Johnson, the events of Vietnam, Watergate, and other historical events unfold through the perspective of an Alabama man with an IQ of 75, whose only desire is to be reunited with his childhood sweetheart."
12,"Il buono, il brutto, il cattivo",Western,1966,"Sergio Leone, ","Clint Eastwood, Eli Wallach, Lee Van Cleef, Aldo Giuffrè, ",161,A bounty hunting scam joins two men in an uneasy alliance against a third in a race to find a fortune in gold buried in a remote cemetery.
13,The Lord of the Rings: The Two Towers,"Adventure, Drama, Fantasy",2002,"Peter Jackson, ","Elijah Wood, Ian McKellen, Viggo Mortensen, Orlando Bloom, ",179,"While Frodo and Sam edge closer to Mordor with the help of the shifty Gollum, the divided fellowship makes a stand against Sauron's new ally, Saruman, and his hordes of Isengard."
14,The Matrix,"Action, Sci-Fi",1999,"Lana Wachowski, Lilly Wachowski, ","Keanu Reeves, Laurence Fishburne, Carrie-Anne Moss, Hugo Weaving, ",136,A computer hacker learns from mysterious rebels about the true nature of his reality and his role in the war against its controllers.
15,Goodfellas,"Biography, Crime, Drama",1990,"Martin Scorsese, ","Robert De Niro, Ray Liotta, Joe Pesci, Lorraine Bracco, ",146,"The story of Henry Hill and his life in the mob, covering his relationship with his wife Karen Hill and his mob partners Jimmy Conway and Tommy DeVito in the Italian-American crime syndicate."
16,Star Wars: Episode V - The Empire Strikes Back,"Action, Adventure, Fantasy",1980,"Irvin Kershner, ","Mark Hamill, Harrison Ford, Carrie Fisher, Billy Dee Williams, ",124,"After the Rebels are brutally overpowered by the Empire on the ice planet Hoth, Luke Skywalker begins Jedi training with Yoda, while his friends are pursued by Darth Vader and a bounty hunter named Boba Fett all over the galaxy."
17,One Flew Over the Cuckoo's Nest,Drama,1975,"Milos Forman, ","Jack Nicholson, Louise Fletcher, Will Sampson, Michael Berryman, ",133,"A criminal pleads insanity and is admitted to a mental institution, where he rebels against the oppressive nurse and rallies up the scared patients."
18,Seppuku,"Action, Drama, History",1962,"Masaki Kobayashi, ","Tatsuya Nakadai, Akira Ishihama, Shima Iwashita, Tetsurô Tanba, ",133,"When a ronin requesting seppuku at a feudal lord's palace is told of the brutal suicide of another ronin who previously visited, he reveals how their pasts are intertwined - and in doing so challenges the clan's integrity."
19,Gisaengchung,"Comedy, Drama, Thriller",2019,"Bong Joon Ho, ","Kang-ho Song, Sun-kyun Lee, Yeo-jeong Jo, Woo-sik Choi, ",132,"A poor family, the Kims, con their way into becoming the servants of a rich family, the Parks. But their easy life gets complicated when their deception is threatened with exposure."
20,Interstellar,"Adventure, Drama, Sci-Fi",2014,"Christopher Nolan, ","Matthew McConaughey, Anne Hathaway, Jessica Chastain, Mackenzie Foy, ",169,A team of explorers travel through a wormhole in space in an attempt to ensure humanity's survival.
21,Cidade de Deus,"Crime, Drama",2002,"Fernando Meirelles, Kátia Lund, ","Alexandre Rodrigues, Leandro Firmino, Matheus Nachtergaele, Phellipe Haagensen, ",130,"In the slums of Rio, two kids' paths diverge as one struggles to become a photographer and the other a kingpin."
22,Sen to Chihiro no kamikakushi,"Animation, Adventure, Family",2001,"Hayao Miyazaki, ","Daveigh Chase, Suzanne Pleshette, Miyu Irino, Rumi Hiiragi, ",125,"During her family's move to the suburbs, a sullen 10-year-old girl wanders into a world ruled by gods, witches, and spirits, and where humans are changed into beasts."
23,Saving Private Ryan,"Drama, War",1998,"Steven Spielberg, ","Tom Hanks, Matt Damon, Tom Sizemore, Edward Burns, ",169,"Following the Normandy Landings, a group of U.S. soldiers go behind enemy lines to retrieve a paratrooper whose brothers have been killed in action."
24,The Green Mile,"Crime, Drama, Fantasy",1999,"Frank Darabont, ","Tom Hanks, Michael Clarke Duncan, David Morse, Bonnie Hunt, ",189,"The lives of guards on Death Row are affected by one of their charges: a black man accused of child murder and rape, yet who has a mysterious gift."
25,La vita è bella,"Comedy, Drama, Romance",1997,"Roberto Benigni, ","Roberto Benigni, Nicoletta Braschi, Giorgio Cantarini, Giustino Durano, ",116,"When an open-minded Jewish librarian and his son become victims of the Holocaust, he uses a perfect mixture of will, humor, and imagination to protect his son from the dangers around their camp."
26,Se7en,"Crime, Drama, Mystery",1995,"David Fincher, ","Morgan Freeman, Brad Pitt, Kevin Spacey, Andrew Kevin Walker, ",127,"Two detectives, a rookie and a veteran, hunt a serial killer who uses the seven deadly sins as his motives."
27,The Silence of the Lambs,"Crime, Drama, Thriller",1991,"Jonathan Demme, ","Jodie Foster, Anthony Hopkins, Lawrence A. Bonney, Kasi Lemmons, ",118,"A young F.B.I. cadet must receive the help of an incarcerated and manipulative cannibal killer to help catch another serial killer, a madman who skins his victims."
28,Star Wars,"Action, Adventure, Fantasy",1977,"George Lucas, ","Mark Hamill, Harrison Ford, Carrie Fisher, Alec Guinness, ",121,"Luke Skywalker joins forces with a Jedi Knight, a cocky pilot, a Wookiee and two droids to save the galaxy from the Empire's world-destroying battle station, while also attempting to rescue Princess Leia from the mysterious Darth Vader."
29,Shichinin no samurai,"Action, Adventure, Drama",1954,"Akira Kurosawa, ","Toshirô Mifune, Takashi Shimura, Keiko Tsushima, Yukiko Shimazaki, ",207,A poor village under attack by bandits recruits seven unemployed samurai to help them defend themselves.
30,It's a Wonderful Life,"Drama, Family, Fantasy",1946,"Frank Capra, ","James Stewart, Donna Reed, Lionel Barrymore, Thomas Mitchell, ",130,An angel is sent from Heaven to help a desperately frustrated businessman by showing him what life would have been like if he had never existed.
31,Joker,"Crime, Drama, Thriller",2019,"Todd Phillips, ","Joaquin Phoenix, Robert De Niro, Zazie Beetz, Frances Conroy, ",122,"In Gotham City, mentally troubled comedian Arthur Fleck is disregarded and mistreated by society. He then embarks on a downward spiral of revolution and bloody crime. This path brings him face-to-face with his alter-ego: the Joker."
32,Avengers: Infinity War,"Action, Adventure, Sci-Fi",2018,"Anthony Russo, Joe Russo, ","Robert Downey Jr., Chris Hemsworth, Mark Ruffalo, Chris Evans, ",149,The Avengers and their allies must be willing to sacrifice all in an attempt to defeat the powerful Thanos before his blitz of devastation and ruin puts an end to the universe.
33,Whiplash,"Drama, Music",2014,"Damien Chazelle, ","Miles Teller, J.K. Simmons, Melissa Benoist, Paul Reiser, ",106,A promising young drummer enrolls at a cut-throat music conservatory where his dreams of greatness are mentored by an instructor who will stop at nothing to realize a student's potential.
34,The Intouchables,"Biography, Comedy, Drama",2011,"Olivier Nakache, Éric Toledano, ","François Cluzet, Omar Sy, Anne Le Ny, Audrey Fleurot, ",112,"After he becomes a quadriplegic from a paragliding accident, an aristocrat hires a young man from the projects to be his caregiver."
35,The Prestige,"Drama, Mystery, Sci-Fi",2006,"Christopher Nolan, ","Christian Bale, Hugh Jackman, Scarlett Johansson, Michael Caine, ",130,"After a tragic accident, two stage magicians engage in a battle to create the ultimate illusion while sacrificing everything they have to outwit each other."
36,The Departed,"Crime, Drama, Thriller",2006,"Martin Scorsese, ","Leonardo DiCaprio, Matt Damon, Jack Nicholson, Mark Wahlberg, ",151,An undercover cop and a mole in the police attempt to identify each other while infiltrating an Irish gang in South Boston.
37,The Pianist,"Biography, Drama, Music",2002,"Roman Polanski, ","Adrien Brody, Thomas Kretschmann, Frank Finlay, Emilia Fox, ",150,A Polish Jewish musician struggles to survive the destruction of the Warsaw ghetto of World War II.
38,Gladiator,"Action, Adventure, Drama",2000,"Ridley Scott, ","Russell Crowe, Joaquin Phoenix, Connie Nielsen, Oliver Reed, ",155,A former Roman General sets out to exact vengeance against the corrupt emperor who murdered his family and sent him into slavery.
39,American History X,Drama,1998,"Tony Kaye, ","Edward Norton, Edward Furlong, Beverly D'Angelo, Jennifer Lien, ",119,A former neo-nazi skinhead tries to prevent his younger brother from going down the same wrong path that he did.
40,The Usual Suspects,"Crime, Mystery, Thriller",1995,"Bryan Singer, ","Kevin Spacey, Gabriel Byrne, Chazz Palminteri, Stephen Baldwin, ",106,"A sole survivor tells of the twisty events leading up to a horrific gun battle on a boat, which began when five criminals met at a seemingly random police lineup."
41,Léon,"Action, Crime, Drama",1994,"Luc Besson, ","Jean Reno, Gary Oldman, Natalie Portman, Danny Aiello, ",110,"Mathilda, a 12-year-old girl, is reluctantly taken in by Léon, a professional assassin, after her family is murdered. An unusual relationship forms as she becomes his protégée and learns the assassin's trade."
42,The Lion King,"Animation, Adventure, Drama",1994,"Roger Allers, Rob Minkoff, ","Matthew Broderick, Jeremy Irons, James Earl Jones, Whoopi Goldberg, ",88 ,"A Lion cub crown prince is tricked by a treacherous uncle into thinking he caused his father's death and flees into exile in despair, only to learn in adulthood his identity and his responsibilities."
43,Terminator 2: Judgment Day,"Action, Sci-Fi",1991,"James Cameron, ","Arnold Schwarzenegger, Linda Hamilton, Edward Furlong, Robert Patrick, ",137,"A cyborg, identical to the one who failed to kill Sarah Connor, must now protect her teenage son, John Connor, from a more advanced and powerful cyborg."
44,Nuovo Cinema Paradiso,Drama,1988,"Giuseppe Tornatore, ","Philippe Noiret, Enzo Cannavale, Antonella Attili, Isa Danieli, ",155,A filmmaker recalls his childhood when falling in love with the pictures at the cinema of his home village and forms a deep friendship with the cinema's projectionist.
45,Hotaru no haka,"Animation, Drama, War",1988,"Isao Takahata, ","Tsutomu Tatsumi, Ayano Shiraishi, Akemi Yamaguchi, Yoshiko Shinohara, ",89 ,A young boy and his little sister struggle to survive in Japan during World War II.
46,Back to the Future,"Adventure, Comedy, Sci-Fi",1985,"Robert Zemeckis, ","Michael J. Fox, Christopher Lloyd, Lea Thompson, Crispin Glover, ",116,"Marty McFly, a 17-year-old high school student, is accidentally sent thirty years into the past in a time-traveling DeLorean invented by his close friend, the eccentric scientist Doc Brown."
47,Once Upon a Time in the West,Western,1968,"Sergio Leone, ","Henry Fonda, Charles Bronson, Claudia Cardinale, Jason Robards, ",165,A mysterious stranger with a harmonica joins forces with a notorious desperado to protect a beautiful widow from a ruthless assassin working for the railroad.
48,Tengoku to jigoku,"Crime, Drama, Mystery",1963,"Akira Kurosawa, ","Toshirô Mifune, Yutaka Sada, Tatsuya Nakadai, Kyôko Kagawa, ",143,An executive of a shoe company becomes a victim of extortion when his chauffeur's son is kidnapped and held for ransom.
49,Psycho,"Horror, Mystery, Thriller",1960,"Alfred Hitchcock, ","Anthony Perkins, Janet Leigh, Vera Miles, John Gavin, ",109,"A Phoenix secretary embezzles forty thousand dollars from her employer's client, goes on the run, and checks into a remote motel run by a young man under the domination of his mother."
50,Casablanca,"Drama, Romance, War",1942,"Michael Curtiz, ","Humphrey Bogart, Ingrid Bergman, Paul Henreid, Claude Rains, ",102,A cynical American expatriate struggles to decide whether or not he should help his former lover and her fugitive husband escape French Morocco.
51,Modern Times,"Comedy, Drama, Family",1936,"Charles Chaplin, ","Charles Chaplin, Paulette Goddard, Henry Bergman, Tiny Sandford, ",87 ,The Tramp struggles to live in modern industrial society with the help of a young homeless woman.
52,City Lights,"Comedy, Drama, Romance",1931,"Charles Chaplin, ","Charles Chaplin, Virginia Cherrill, Florence Lee, Harry Myers, ",87 ,"With the aid of a wealthy erratic tippler, a dewy-eyed tramp who has fallen in love with a sightless flower girl accumulates money to be able to help her medically."
53,1917,"Drama, War",2019,"Sam Mendes, ","Dean-Charles Chapman, George MacKay, Daniel Mays, Colin Firth, ",119,"April 6th, 1917. As a regiment assembles to wage war deep in enemy territory, two soldiers are assigned to race against time and deliver a message that will stop 1,600 men from walking straight into a deadly trap."
54,Capharnaüm,Drama,2018,"Nadine Labaki, ","Zain Al Rafeea, Yordanos Shiferaw, Boluwatife Treasure Bankole, Kawsar Al Haddad, ",126,"While serving a five-year sentence for a violent crime, a 12-year-old boy sues his parents for neglect."
55,Kimi no na wa.,"Animation, Drama, Fantasy",2016,"Makoto Shinkai, ","Ryûnosuke Kamiki, Mone Kamishiraishi, Ryô Narita, Aoi Yûki, ",106,"Two strangers find themselves linked in a bizarre way. When a connection forms, will distance be the only thing to keep them apart?"
56,Dangal,"Action, Biography, Drama",2016,"Nitesh Tiwari, ","Aamir Khan, Sakshi Tanwar, Fatima Sana Shaikh, Sanya Malhotra, ",161,Former wrestler Mahavir Singh Phogat and his two wrestler daughters struggle towards glory at the Commonwealth Games in the face of societal oppression.
57,Spider-Man: Into the Spider-Verse,"Animation, Action, Adventure",2018,"Bob Persichetti, Peter Ramsey, Rodney Rothman, ","Shameik Moore, Jake Johnson, Hailee Steinfeld, Mahershala Ali, ",117,"Teen Miles Morales becomes Spider-Man of his reality, crossing his path with five counterparts from other dimensions to stop a threat for all realities."
58,Avengers: Endgame,"Action, Adventure, Drama",2019,"Anthony Russo, Joe Russo, ","Robert Downey Jr., Chris Evans, Mark Ruffalo, Chris Hemsworth, ",181,"After the devastating events of Avengers: Infinity War (2018), the universe is in ruins. With the help of remaining allies, the Avengers assemble once more in order to reverse Thanos' actions and restore balance to the universe."
59,Coco,"Animation, Adventure, Family",I) (,"Lee Unkrich, Adrian Molina, ","Anthony Gonzalez, Gael García Bernal, Benjamin Bratt, Alanna Ubach, ",105,"Aspiring musician Miguel, confronted with his family's ancestral ban on music, enters the Land of the Dead to find his great-great-grandfather, a legendary singer."
60,Django Unchained,"Drama, Western",2012,"Quentin Tarantino, ","Jamie Foxx, Christoph Waltz, Leonardo DiCaprio, Kerry Washington, ",165,"With the help of a German bounty hunter, a freed slave sets out to rescue his wife from a brutal Mississippi plantation owner."
61,The Dark Knight Rises,"Action, Adventure",2012,"Christopher Nolan, ","Christian Bale, Tom Hardy, Anne Hathaway, Gary Oldman, ",164,"Eight years after the Joker's reign of anarchy, Batman, with the help of the enigmatic Catwoman, is forced from his exile to save Gotham City from the brutal guerrilla terrorist Bane."
62,3 Idiots,"Comedy, Drama",2009,"Rajkumar Hirani, ","Aamir Khan, Madhavan, Mona Singh, Sharman Joshi, ",170,"Two friends are searching for their long lost companion. They revisit their college days and recall the memories of their friend who inspired them to think differently, even as the rest of the world called them ""idiots""."
63,Taare Zameen Par,"Drama, Family",2007,"Aamir Khan, Amole Gupte, ","Darsheel Safary, Aamir Khan, Tisca Chopra, Vipin Sharma, ",165,"An eight-year-old boy is thought to be a lazy trouble-maker, until the new art teacher has the patience and compassion to discover the real problem behind his struggles in school."
64,WALL·E,"Animation, Adventure, Family",2008,"Andrew Stanton, ","Ben Burtt, Elissa Knight, Jeff Garlin, Fred Willard, ",98 ,"In the distant future, a small waste-collecting robot inadvertently embarks on a space journey that will ultimately decide the fate of mankind."
65,The Lives of Others,"Drama, Mystery, Thriller",2006,"Florian Henckel von Donnersmarck, ","Ulrich Mühe, Martina Gedeck, Sebastian Koch, Ulrich Tukur, ",137,"In 1984 East Berlin, an agent of the secret police, conducting surveillance on a writer and his lover, finds himself becoming increasingly absorbed by their lives."
66,Oldeuboi,"Action, Drama, Mystery",2003,"Chan-wook Park, ","Min-sik Choi, Ji-Tae Yoo, Hye-jeong Kang, Dae-han Ji, ",101,"After being kidnapped and imprisoned for fifteen years, Oh Dae-Su is released, only to find that he must find his captor in five days."
67,Memento,"Mystery, Thriller",2000,"Christopher Nolan, ","Guy Pearce, Carrie-Anne Moss, Joe Pantoliano, Mark Boone Junior, ",113,A man with short-term memory loss attempts to track down his wife's murderer.
68,Mononoke-hime,"Animation, Adventure, Fantasy",1997,"Hayao Miyazaki, ","Yôji Matsuda, Yuriko Ishida, Yûko Tanaka, Billy Crudup, ",134,"On a journey to find the cure for a Tatarigami's curse, Ashitaka finds himself in the middle of a war between the forest gods and Tatara, a mining colony. In this quest he also meets San, the Mononoke Hime."
69,Once Upon a Time in America,"Crime, Drama",1984,"Sergio Leone, ","Robert De Niro, James Woods, Elizabeth McGovern, Treat Williams, ",229,"A former Prohibition-era Jewish gangster returns to the Lower East Side of Manhattan over thirty years later, where he once again must confront the ghosts and regrets of his old life."
70,Raiders of the Lost Ark,"Action, Adventure",1981,"Steven Spielberg, ","Harrison Ford, Karen Allen, Paul Freeman, John Rhys-Davies, ",115,"In 1936, archaeologist and adventurer Indiana Jones is hired by the U.S. government to find the Ark of the Covenant before Adolf Hitler's Nazis can obtain its awesome powers."
71,The Shining,"Drama, Horror",1980,"Stanley Kubrick, ","Jack Nicholson, Shelley Duvall, Danny Lloyd, Scatman Crothers, ",146,"A family heads to an isolated hotel for the winter where a sinister presence influences the father into violence, while his psychic son sees horrific forebodings from both past and future."
72,Apocalypse Now,"Drama, Mystery, War",1979,"Francis Ford Coppola, ","Martin Sheen, Marlon Brando, Robert Duvall, Frederic Forrest, ",147,A U.S. Army officer serving in Vietnam is tasked with assassinating a renegade Special Forces Colonel who sees himself as a god.
73,Alien,"Horror, Sci-Fi",1979,"Ridley Scott, ","Sigourney Weaver, Tom Skerritt, John Hurt, Veronica Cartwright, ",117,"After a space merchant vessel receives an unknown transmission as a distress call, one of the crew is attacked by a mysterious life form and they soon realize that its life cycle has merely begun."
74,Dr. Strangelove or: How I Learned to Stop Worrying and Love the Bomb,Comedy,1964,"Stanley Kubrick, ","Peter Sellers, George C. Scott, Sterling Hayden, Keenan Wynn, ",95 ,An insane general triggers a path to nuclear holocaust that a War Room full of politicians and generals frantically tries to stop.
75,Witness for the Prosecution,"Crime, Drama, Film-Noir",1957,"Billy Wilder, ","Tyrone Power, Marlene Dietrich, Charles Laughton, Elsa Lanchester, ",116,A veteran British barrister must defend his client in a murder trial that has surprise after surprise.
76,Paths of Glory,"Drama, War",1957,"Stanley Kubrick, ","Kirk Douglas, Ralph Meeker, Adolphe Menjou, George Macready, ",88 ,"After refusing to attack an enemy position, a general accuses the soldiers of cowardice and their commanding officer must defend them."
77,Rear Window,"Mystery, Thriller",1954,"Alfred Hitchcock, ","James Stewart, Grace Kelly, Wendell Corey, Thelma Ritter, ",112,A wheelchair-bound photographer spies on his neighbors from his apartment window and becomes convinced one of them has committed murder.
78,Sunset Blvd.,"Drama, Film-Noir",1950,"Billy Wilder, ","William Holden, Gloria Swanson, Erich von Stroheim, Nancy Olson, ",110,A screenwriter develops a dangerous relationship with a faded film star determined to make a triumphant return.
79,The Great Dictator,"Comedy, Drama, War",1940,"Charles Chaplin, ","Charles Chaplin, Paulette Goddard, Jack Oakie, Reginald Gardiner, ",125,Dictator Adenoid Hynkel tries to expand his empire while a poor Jewish barber tries to avoid persecution from Hynkel's regime.
80,Andhadhun,"Crime, Thriller",2018,"Sriram Raghavan, ","Ayushmann Khurrana, Tabu, Radhika Apte, Anil Dhawan, ",139,"A series of mysterious events change the life of a blind pianist, who must now report a crime that he should technically know nothing of."
81,Jagten,Drama,2012,"Thomas Vinterberg, ","Mads Mikkelsen, Thomas Bo Larsen, Annika Wedderkopp, Lasse Fogelstrøm, ",115,"A teacher lives a lonely life, all the while struggling over his son's custody. His life slowly gets better as he finds love and receives good news from his son, but his new luck is about to be brutally shattered by an innocent little lie."
82,Jodaeiye Nader az Simin,Drama,2011,"Asghar Farhadi, ","Payman Maadi, Leila Hatami, Sareh Bayat, Shahab Hosseini, ",123,A married couple are faced with a difficult decision - to improve the life of their child by moving to another country or to stay in Iran and look after a deteriorating parent who has Alzheimer's disease.
83,Incendies,"Drama, Mystery, War",2010,"Denis Villeneuve, ","Lubna Azabal, Mélissa Désormeaux-Poulin, Maxim Gaudette, Mustafa Kamel, ",131,Twins journey to the Middle East to discover their family history and fulfill their mother's last wishes.
84,Babam ve Oglum,"Drama, Family",2005,"Çagan Irmak, ","Çetin Tekindor, Fikret Kuskan, Hümeyra, Ege Tanman, ",108,The family of a left-wing journalist is torn apart after a military coup in 1980's Turkey.
85,Toy Story 3,"Animation, Adventure, Comedy",2010,"Lee Unkrich, ","Tom Hanks, Tim Allen, Joan Cusack, Ned Beatty, ",103,"The toys are mistakenly delivered to a day-care center instead of the attic right before Andy leaves for college, and it's up to Woody to convince the other toys that they weren't abandoned and to return home."
86,Inglourious Basterds,"Adventure, Drama, War",2009,"Quentin Tarantino, ","Brad Pitt, Diane Kruger, Eli Roth, Mélanie Laurent, ",153,"In Nazi-occupied France during World War II, a plan to assassinate Nazi leaders by a group of Jewish U.S. soldiers coincides with a theatre owner's vengeful plans for the same."
87,Eternal Sunshine of the Spotless Mind,"Drama, Romance, Sci-Fi",2004,"Michel Gondry, ","Jim Carrey, Kate Winslet, Tom Wilkinson, Gerry Robert Byrne, ",108,"When their relationship turns sour, a couple undergoes a medical procedure to have each other erased from their memories."
88,Amélie,"Comedy, Romance",2001,"Jean-Pierre Jeunet, ","Audrey Tautou, Mathieu Kassovitz, Rufus, Lorella Cravotta, ",122,"Amélie is an innocent and naive girl in Paris with her own sense of justice. She decides to help those around her and, along the way, discovers love."
89,Snatch,"Comedy, Crime",2000,"Guy Ritchie, ","Jason Statham, Brad Pitt, Benicio Del Toro, Dennis Farina, ",104,"Unscrupulous boxing promoters, violent bookmakers, a Russian gangster, incompetent amateur robbers and supposedly Jewish jewelers fight to track down a priceless stolen diamond."
90,Requiem for a Dream,Drama,2000,"Darren Aronofsky, ","Ellen Burstyn, Jared Leto, Jennifer Connelly, Marlon Wayans, ",102,The drug-induced utopias of four Coney Island people are shattered when their addictions run deep.
91,American Beauty,Drama,1999,"Sam Mendes, ","Kevin Spacey, Annette Bening, Thora Birch, Wes Bentley, ",122,A sexually frustrated suburban father has a mid-life crisis after becoming infatuated with his daughter's best friend.
92,Good Will Hunting,"Drama, Romance",1997,"Gus Van Sant, ","Robin Williams, Matt Damon, Ben Affleck, Stellan Skarsgård, ",126,"Will Hunting, a janitor at M.I.T., has a gift for mathematics, but needs help from a psychologist to find direction in his life."
93,Bacheha-Ye aseman,"Drama, Family, Sport",1997,"Majid Majidi, ","Mohammad Amir Naji, Amir Farrokh Hashemian, Bahare Seddiqi, Nafise Jafar-Mohammadi, ",89 ,"After a boy loses his sister's pair of shoes, he goes on a series of adventures in order to find them. When he can't, he tries a new way to ""win"" a new pair."
94,Eskiya,"Crime, Drama, Thriller",1996,"Yavuz Turgul, ","Sener Sen, Ugur Yücel, Sermin Hürmeriç, Yesim Salkim, ",128,"Baran the Bandit, released from prison after 35 years, searches for vengeance and his lover."
95,Toy Story,"Animation, Adventure, Comedy",1995,"John Lasseter, ","Tom Hanks, Tim Allen, Don Rickles, Jim Varney, ",81 ,A cowboy doll is profoundly threatened and jealous when a new spaceman figure supplants him as top toy in a boy's room.
96,Braveheart,"Biography, Drama, History",1995,"Mel Gibson, ","Mel Gibson, Sophie Marceau, Patrick McGoohan, Angus Macfadyen, ",178,"When his secret bride is executed for assaulting an English soldier who tried to rape her, William Wallace begins a revolt against King Edward I of England."
97,Reservoir Dogs,"Crime, Drama, Thriller",1992,"Quentin Tarantino, ","Harvey Keitel, Tim Roth, Michael Madsen, Chris Penn, ",99 ,"When a simple jewelry heist goes horribly wrong, the surviving criminals begin to suspect that one of them is a police informant."
98,Full Metal Jacket,"Drama, War",1987,"Stanley Kubrick, ","Matthew Modine, R. Lee Ermey, Vincent D'Onofrio, Adam Baldwin, ",116,A pragmatic U.S. Marine observes the dehumanizing effects the Vietnam War has on his fellow recruits from their brutal boot camp training to the bloody street fighting in Hue.
99,Idi i smotri,"Drama, War",1985,"Elem Klimov, ","Aleksey Kravchenko, Olga Mironova, Liubomiras Laucevicius, Vladas Bagdonas, ",142,"After finding an old rifle, a young boy joins the Soviet resistance movement against ruthless German forces and experiences the horrors of World War II."
100,Aliens,"Action, Adventure, Sci-Fi",1986,"James Cameron, ","Sigourney Weaver, Michael Biehn, Carrie Henn, Paul Reiser, ",137,"Ellen Ripley is rescued by a deep salvage team after being in hypersleep for 57 years. The moon that the Nostromo visited has been colonized, but contact is lost. This time, colonial marines have impressive firepower, but will that be enough?"
101,Amadeus,"Biography, Drama, History",1984,"Milos Forman, ","F. Murray Abraham, Tom Hulce, Elizabeth Berridge, Roy Dotrice, ",160,"The life, success and troubles of Wolfgang Amadeus Mozart, as told by Antonio Salieri, the contemporaneous composer who was insanely jealous of Mozart's talent and claimed to have murdered him."
102,Scarface,"Crime, Drama",1983,"Brian De Palma, ","Al Pacino, Michelle Pfeiffer, Steven Bauer, Mary Elizabeth Mastrantonio, ",170,"In 1980 Miami, a determined Cuban immigrant takes over a drug cartel and succumbs to greed."
103,Star Wars: Episode VI - Return of the Jedi,"Action, Adventure, Fantasy",1983,"Richard Marquand, ","Mark Hamill, Harrison Ford, Carrie Fisher, Billy Dee Williams, ",131,"After a daring mission to rescue Han Solo from Jabba the Hutt, the Rebels dispatch to Endor to destroy the second Death Star. Meanwhile, Luke struggles to help Darth Vader back from the dark side without falling into the Emperor's trap."
104,Das Boot,"Adventure, Drama, Thriller",1981,"Wolfgang Petersen, ","Jürgen Prochnow, Herbert Grönemeyer, Klaus Wennemann, Hubertus Bengsch, ",149,"The claustrophobic world of a WWII German U-boat; boredom, filth and sheer terror."
105,Taxi Driver,"Crime, Drama",1976,"Martin Scorsese, ","Robert De Niro, Jodie Foster, Cybill Shepherd, Albert Brooks, ",114,"A mentally unstable veteran works as a nighttime taxi driver in New York City, where the perceived decadence and sleaze fuels his urge for violent action by attempting to liberate a presidential campaign worker and an underage prostitute."
106,The Sting,"Comedy, Crime, Drama",1973,"George Roy Hill, ","Paul Newman, Robert Redford, Robert Shaw, Charles Durning, ",129,Two grifters team up to pull off the ultimate con.
107,A Clockwork Orange,"Crime, Drama, Sci-Fi",1971,"Stanley Kubrick, ","Malcolm McDowell, Patrick Magee, Michael Bates, Warren Clarke, ",136,"In the future, a sadistic gang leader is imprisoned and volunteers for a conduct-aversion experiment, but it doesn't go as planned."
108,2001: A Space Odyssey,"Adventure, Sci-Fi",1968,"Stanley Kubrick, ","Keir Dullea, Gary Lockwood, William Sylvester, Daniel Richter, ",149,"After discovering a mysterious artifact buried beneath the Lunar surface, mankind sets off on a quest to find its origins with help from intelligent supercomputer H.A.L. 9000."
109,Per qualche dollaro in più,Western,1965,"Sergio Leone, ","Clint Eastwood, Lee Van Cleef, Gian Maria Volontè, Mara Krupp, ",132,Two bounty hunters with the same intentions team up to track down a Western outlaw.
110,Lawrence of Arabia,"Adventure, Biography, Drama",1962,"David Lean, ","Peter O'Toole, Alec Guinness, Anthony Quinn, Jack Hawkins, ",228,"The story of T.E. Lawrence, the English officer who successfully united and led the diverse, often warring, Arab tribes during World War I in order to fight the Turks."
111,The Apartment,"Comedy, Drama, Romance",1960,"Billy Wilder, ","Jack Lemmon, Shirley MacLaine, Fred MacMurray, Ray Walston, ",125,"A man tries to rise in his company by letting its executives use his apartment for trysts, but complications and a romance of his own ensue."
112,North by Northwest,"Adventure, Mystery, Thriller",1959,"Alfred Hitchcock, ","Cary Grant, Eva Marie Saint, James Mason, Jessie Royce Landis, ",136,A New York City advertising executive goes on the run after being mistaken for a government agent by a group of foreign spies.
113,Vertigo,"Mystery, Romance, Thriller",1958,"Alfred Hitchcock, ","James Stewart, Kim Novak, Barbara Bel Geddes, Tom Helmore, ",128,A former police detective juggles wrestling with his personal demons and becoming obsessed with a hauntingly beautiful woman.
114,Singin' in the Rain,"Comedy, Musical, Romance",1952,"Stanley Donen, Gene Kelly, ","Gene Kelly, Donald O'Connor, Debbie Reynolds, Jean Hagen, ",103,A silent film production company and cast make a difficult transition to sound.
115,Ikiru,Drama,1952,"Akira Kurosawa, ","Takashi Shimura, Nobuo Kaneko, Shin'ichi Himori, Haruo Tanaka, ",143,A bureaucrat tries to find a meaning in his life after he discovers he has terminal cancer.
116,Ladri di biciclette,Drama,1948,"Vittorio De Sica, ","Lamberto Maggiorani, Enzo Staiola, Lianella Carell, Elena Altieri, ",89 ,"In post-war Italy, a working-class man's bicycle is stolen. He and his son set out to find it."
117,Double Indemnity,"Crime, Drama, Film-Noir",1944,"Billy Wilder, ","Fred MacMurray, Barbara Stanwyck, Edward G. Robinson, Byron Barr, ",107,An insurance representative lets himself be talked by a seductive housewife into a murder/insurance fraud scheme that arouses the suspicion of an insurance investigator.
118,Citizen Kane,"Drama, Mystery",1941,"Orson Welles, ","Orson Welles, Joseph Cotten, Dorothy Comingore, Agnes Moorehead, ",119,"Following the death of publishing tycoon Charles Foster Kane, reporters scramble to uncover the meaning of his final utterance; 'Rosebud'."
119,M - Eine Stadt sucht einen Mörder,"Crime, Mystery, Thriller",1931,"Fritz Lang, ","Peter Lorre, Ellen Widmann, Inge Landgut, Otto Wernicke, ",117,"When the police in a German city are unable to catch a child-murderer, other criminals join in the manhunt."
120,Metropolis,"Drama, Sci-Fi",1927,"Fritz Lang, ","Brigitte Helm, Alfred Abel, Gustav Fröhlich, Rudolf Klein-Rogge, ",153,"In a futuristic city sharply divided between the working class and the city planners, the son of the city's mastermind falls in love with a working class prophet who predicts the coming of a savior to mediate their differences."
121,The Kid,"Comedy, Drama, Family",1921,"Charles Chaplin, ","Charles Chaplin, Edna Purviance, Jackie Coogan, Carl Miller, ",68 ,"The Tramp cares for an abandoned child, but events put that relationship in jeopardy."
122,Portrait de la jeune fille en feu,"Drama, Romance",2019,"Céline Sciamma, ","Noémie Merlant, Adèle Haenel, Luàna Bajrami, Valeria Golino, ",122,"On an isolated island in Brittany at the end of the eighteenth century, a female painter is obliged to paint a wedding portrait of a young woman."
123,Green Book,"Biography, Comedy, Drama",2018,"Peter Farrelly, ","Viggo Mortensen, Mahershala Ali, Linda Cardellini, Sebastian Maniscalco, ",130,A working-class Italian-American bouncer becomes the driver of an African-American classical pianist on a tour of venues through the 1960s American South.
124,"Three Billboards Outside Ebbing, Missouri","Comedy, Crime, Drama",2017,"Martin McDonagh, ","Frances McDormand, Woody Harrelson, Sam Rockwell, Caleb Landry Jones, ",115,A mother personally challenges the local authorities to solve her daughter's murder when they fail to catch the culprit.
125,Klaus,"Animation, Adventure, Comedy",2019,"Sergio Pablos, Carlos Martínez López, ","Jason Schwartzman, J.K. Simmons, Rashida Jones, Will Sasso, ",96 ,"A simple act of kindness always sparks another, even in a frozen, faraway place. When Smeerensburg's new postman, Jesper, befriends toymaker Klaus, their gifts melt an age-old feud and deliver a sleigh full of holiday traditions."
126,Drishyam,"Crime, Drama, Mystery",2015,"Nishikant Kamat, ","Ajay Devgn, Shriya Saran, Tabu, Rajat Kapoor, ",163,"Desperate measures are taken by a man who tries to save his family from the dark side of the law, after they commit an unexpected crime."
127,Inside Out,"Animation, Adventure, Comedy",I) (,"Pete Docter, Ronnie Del Carmen, ","Amy Poehler, Bill Hader, Lewis Black, Mindy Kaling, ",95 ,"After young Riley is uprooted from her Midwest life and moved to San Francisco, her emotions - Joy, Fear, Anger, Disgust and Sadness - conflict on how best to navigate a new city, house, and school."
128,Gangs of Wasseypur,"Action, Comedy, Crime",2012,"Anurag Kashyap, ","Manoj Bajpayee, Richa Chadha, Nawazuddin Siddiqui, Tigmanshu Dhulia, ",321,"A clash between Sultan and Shahid Khan leads to the expulsion of Khan from Wasseypur, and ignites a deadly blood feud spanning three generations."
129,El secreto de sus ojos,"Drama, Mystery, Romance",2009,"Juan José Campanella, ","Ricardo Darín, Soledad Villamil, Pablo Rago, Carla Quevedo, ",129,A retired legal counselor writes a novel hoping to find closure for one of his past unresolved homicide cases and for his unreciprocated love with his superior - both of which still haunt him decades later.
130,Warrior,"Drama, Sport",2011,"Gavin O'Connor, ","Tom Hardy, Nick Nolte, Joel Edgerton, Jennifer Morrison, ",140,"The youngest son of an alcoholic former boxer returns home, where he's trained by his father for competition in a mixed martial arts tournament - a path that puts the fighter on a collision course with his estranged, older brother."
131,Up,"Animation, Adventure, Comedy",2009,"Pete Docter, Bob Peterson, ","Edward Asner, Jordan Nagai, John Ratzenberger, Christopher Plummer, ",96 ,"78-year-old Carl Fredricksen travels to Paradise Falls in his house equipped with balloons, inadvertently taking a young stowaway."
132,The Wolf of Wall Street,"Biography, Crime, Drama",2013,"Martin Scorsese, ","Leonardo DiCaprio, Jonah Hill, Margot Robbie, Matthew McConaughey, ",180,"Based on the true story of Jordan Belfort, from his rise to a wealthy stock-broker living the high life to his fall involving crime, corruption and the federal government."
133,There Will Be Blood,Drama,2007,"Paul Thomas Anderson, ","Daniel Day-Lewis, Paul Dano, Ciarán Hinds, Martin Stringer, ",158,"A story of family, religion, hatred, oil and madness, focusing on a turn-of-the-century prospector in the early days of the business."
134,Pan's Labyrinth,"Drama, Fantasy, War",2006,"Guillermo del Toro, ","Ivana Baquero, Ariadna Gil, Sergi López, Maribel Verdú, ",118,"In the Falangist Spain of 1944, the bookish young stepdaughter of a sadistic army officer escapes into an eerie but captivating fantasy world."
135,V for Vendetta,"Action, Drama, Sci-Fi",2005,"James McTeigue, ","Hugo Weaving, Natalie Portman, Rupert Graves, Stephen Rea, ",132,"In a future British tyranny, a shadowy freedom fighter, known only by the alias of ""V"", plots to overthrow it with the help of a young woman."
136,Rang De Basanti,"Comedy, Drama",2006,"Rakeysh Omprakash Mehra, ","Aamir Khan, Soha Ali Khan, Siddharth, Sharman Joshi, ",167,"The story of six young Indians who assist an English woman to film a documentary on the freedom fighters from their past, and the events that lead them to relive the long-forgotten saga of freedom."
137,Batman Begins,"Action, Adventure",2005,"Christopher Nolan, ","Christian Bale, Michael Caine, Ken Watanabe, Liam Neeson, ",140,"After training with his mentor, Batman begins his fight to free crime-ridden Gotham City from corruption."
138,Der Untergang,"Biography, Drama, History",2004,"Oliver Hirschbiegel, ","Bruno Ganz, Alexandra Maria Lara, Ulrich Matthes, Juliane Köhler, ",156,"Traudl Junge, the final secretary for Adolf Hitler, tells of the Nazi dictator's final days in his Berlin bunker at the end of WWII."
139,Hauru no ugoku shiro,"Animation, Adventure, Family",2004,"Hayao Miyazaki, ","Chieko Baishô, Takuya Kimura, Tatsuya Gashûin, Akihiro Miwa, ",119,"When an unconfident young woman is cursed with an old body by a spiteful witch, her only chance of breaking the spell lies with a self-indulgent yet insecure young wizard and his companions in his legged, walking castle."
140,A Beautiful Mind,"Biography, Drama",2001,"Ron Howard, ","Russell Crowe, Ed Harris, Jennifer Connelly, Christopher Plummer, ",135,"After John Nash, a brilliant but asocial mathematician, accepts secret work in cryptography, his life takes a turn for the nightmarish."
141,"Lock, Stock and Two Smoking Barrels","Comedy, Crime",1998,"Guy Ritchie, ","Jason Flemyng, Dexter Fletcher, Nick Moran, Jason Statham, ",107,"A botched card game in London triggers four friends, thugs, weed-growers, hard gangsters, loan sharks and debt collectors to collide with each other in a series of unexpected events, all for the sake of weed, cash and two antique shotguns."
142,L.A. Confidential,"Crime, Drama, Mystery",1997,"Curtis Hanson, ","Kevin Spacey, Russell Crowe, Guy Pearce, Kim Basinger, ",138,"As corruption grows in 1950s Los Angeles, three policemen -- one strait-laced, one brutal, and one sleazy -- investigate a series of murders with their own brand of justice."
143,Heat,"Crime, Drama, Thriller",1995,"Michael Mann, ","Al Pacino, Robert De Niro, Val Kilmer, Jon Voight, ",170,A group of professional bank robbers start to feel the heat from police when they unknowingly leave a clue at their latest heist.
144,Casino,"Crime, Drama",1995,"Martin Scorsese, ","Robert De Niro, Sharon Stone, Joe Pesci, James Woods, ",178,"A tale of greed, deception, money, power, and murder occur between two best friends: a mafia enforcer and a casino executive, compete against each other over a gambling empire, and over a fast living and fast loving socialite."
145,Unforgiven,"Drama, Western",1992,"Clint Eastwood, ","Clint Eastwood, Gene Hackman, Morgan Freeman, Richard Harris, ",130,"Retired Old West gunslinger William Munny (Clint Eastwood) reluctantly takes on one last job, with the help of his old partner Ned Logan (Morgan Freeman) and a young man, The ""Schofield Kid"" (Jaimz Woolvett)."
146,Indiana Jones and the Last Crusade,"Action, Adventure",1989,"Steven Spielberg, ","Harrison Ford, Sean Connery, Alison Doody, Denholm Elliott, ",127,"In 1938, after his father Professor Henry Jones, Sr. goes missing while pursuing the Holy Grail, Professor Henry ""Indiana"" Jones, Jr. finds himself up against Adolf Hitler's Nazis again to stop them from obtaining its powers."
147,Tonari no Totoro,"Animation, Family, Fantasy",1988,"Hayao Miyazaki, ","Hitoshi Takagi, Noriko Hidaka, Chika Sakamoto, Shigesato Itoi, ",86 ,"When two girls move to the country to be near their ailing mother, they have adventures with the wondrous forest spirits who live nearby."
148,Die Hard,"Action, Thriller",1988,"John McTiernan, ","Bruce Willis, Alan Rickman, Bonnie Bedelia, Reginald VelJohnson, ",132,An NYPD officer tries to save his wife and several others taken hostage by German terrorists during a Christmas party at the Nakatomi Plaza in Los Angeles.
149,Ran,"Action, Drama, War",1985,"Akira Kurosawa, ","Tatsuya Nakadai, Akira Terao, Jinpachi Nezu, Daisuke Ryû, ",162,"In Medieval Japan, an elderly warlord retires, handing over his empire to his three sons. However, he vastly underestimates how the new-found power will corrupt them and cause them to turn on each other...and him."
150,Raging Bull,"Biography, Drama, Sport",1980,"Martin Scorsese, ","Robert De Niro, Cathy Moriarty, Joe Pesci, Frank Vincent, ",129,"The life of boxer Jake LaMotta, whose violence and temper that led him to the top in the ring destroyed his life outside of it."
151,Stalker,"Drama, Sci-Fi",1979,"Andrei Tarkovsky, ","Alisa Freyndlikh, Aleksandr Kaydanovskiy, Anatoliy Solonitsyn, Nikolay Grinko, ",162,A guide leads two men through an area known as the Zone to find a room that grants wishes.
152,Monty Python and the Holy Grail,"Adventure, Comedy, Fantasy",1975,"Terry Gilliam, Terry Jones, ","Graham Chapman, John Cleese, Eric Idle, Terry Gilliam, ",91 ,"King Arthur (Graham Chapman) and his Knights of the Round Table embark on a surreal, low-budget search for the Holy Grail, encountering many, very silly obstacles."
153,Chinatown,"Drama, Mystery, Thriller",1974,"Roman Polanski, ","Jack Nicholson, Faye Dunaway, John Huston, Perry Lopez, ",130,"A private detective hired to expose an adulterer finds himself caught up in a web of deceit, corruption, and murder."
154,Andrei Rublev,"Biography, Drama, History",1966,"Andrei Tarkovsky, ","Anatoliy Solonitsyn, Ivan Lapikov, Nikolay Grinko, Nikolay Sergeev, ",205,"The life, times and afflictions of the fifteenth-century Russian iconographer St. Andrei Rublev."
155,The Great Escape,"Adventure, Drama, History",1963,"John Sturges, ","Steve McQueen, James Garner, Richard Attenborough, Charles Bronson, ",172,Allied prisoners of war plan for several hundred of their number to escape from a German camp during World War II.
156,To Kill a Mockingbird,"Crime, Drama",1962,"Robert Mulligan, ","Gregory Peck, John Megna, Frank Overton, Rosemary Murphy, ",129,"Atticus Finch, a lawyer in the Depression-era South, defends a black man against an undeserved rape charge, and his children against prejudice."
157,Yôjinbô,"Action, Drama, Thriller",1961,"Akira Kurosawa, ","Toshirô Mifune, Eijirô Tôno, Tatsuya Nakadai, Yôko Tsukasa, ",110,A crafty ronin comes to a town divided by two criminal gangs and decides to play them against each other to free the town.
158,Judgment at Nuremberg,"Drama, War",1961,"Stanley Kramer, ","Spencer Tracy, Burt Lancaster, Richard Widmark, Marlene Dietrich, ",179,"In 1948, an American court in occupied Germany tries four Nazis judged for war crimes."
159,Some Like It Hot,"Comedy, Music, Romance",1959,"Billy Wilder, ","Marilyn Monroe, Tony Curtis, Jack Lemmon, George Raft, ",121,"After two male musicians witness a mob hit, they flee the state in an all-female band disguised as women, but further complications set in."
160,Smultronstället,"Drama, Romance",1957,"Ingmar Bergman, ","Victor Sjöström, Bibi Andersson, Ingrid Thulin, Gunnar Björnstrand, ",91 ,"After living a life marked by coldness, an aging professor is forced to confront the emptiness of his existence."
161,Det sjunde inseglet,"Drama, Fantasy",1957,"Ingmar Bergman, ","Max von Sydow, Gunnar Björnstrand, Bengt Ekerot, Nils Poppe, ",96 ,"A man seeks answers about life, death, and the existence of God as he plays chess against the Grim Reaper during the Black Plague."
162,Dial M for Murder,"Crime, Thriller",1954,"Alfred Hitchcock, ","Ray Milland, Grace Kelly, Robert Cummings, John Williams, ",105,A tennis player frames his neglected wife for murder after she inadvertently foils his plan to have her murdered.
163,Tôkyô monogatari,Drama,1953,"Yasujirô Ozu, ","Chishû Ryû, Chieko Higashiyama, Sô Yamamura, Setsuko Hara, ",136,"An old couple visit their children and grandchildren in the city, but receive little attention."
164,Rashômon,"Crime, Drama, Mystery",1950,"Akira Kurosawa, ","Toshirô Mifune, Machiko Kyô, Masayuki Mori, Takashi Shimura, ",88 ,"The rape of a bride and the murder of her samurai husband are recalled from the perspectives of a bandit, the bride, the samurai's ghost and a woodcutter."
165,All About Eve,Drama,1950,"Joseph L. Mankiewicz, ","Bette Davis, Anne Baxter, George Sanders, Celeste Holm, ",138,A seemingly timid but secretly ruthless ingénue insinuates herself into the lives of an aging Broadway star and her circle of theater friends.
166,The Treasure of the Sierra Madre,"Adventure, Drama, Western",1948,"John Huston, ","Humphrey Bogart, Walter Huston, Tim Holt, Bruce Bennett, ",126,Two Americans searching for work in Mexico convince an old prospector to help them mine for gold in the Sierra Madre Mountains.
167,The Gold Rush,"Adventure, Comedy, Drama",1925,"Charles Chaplin, ","Charles Chaplin, Mack Swain, Tom Murray, Henry Bergman, ",95 ,A prospector goes to the Klondike in search of gold and finds it and more.
168,Sherlock Jr.,"Action, Comedy, Romance",1924,"Buster Keaton, ","Buster Keaton, Kathryn McGuire, Joe Keaton, Erwin Connelly, ",45 ,"A film projectionist longs to be a detective, and puts his meagre skills to work when he is framed by a rival for stealing his girlfriend's father's pocketwatch."
169,Contratiempo,"Crime, Mystery, Thriller",2016,"Oriol Paulo, ","Mario Casas, Ana Wagener, Jose Coronado, Bárbara Lennie, ",106,A successful entrepreneur accused of murder and a witness preparation expert have less than three hours to come up with an impregnable defence.
170,Ah-ga-ssi,"Drama, Romance, Thriller",2016,"Chan-wook Park, ","Min-hee Kim, Jung-woo Ha, Jin-woong Cho, So-Ri Moon, ",145,"A woman is hired as a handmaiden to a Japanese heiress, but secretly she is involved in a plot to defraud her."
171,Logan,"Action, Drama, Sci-Fi",2017,"James Mangold, ","Hugh Jackman, Patrick Stewart, Dafne Keen, Boyd Holbrook, ",137,"In a future where mutants are nearly extinct, an elderly and weary Logan leads a quiet life. But when Laura, a mutant child pursued by scientists, comes to him for help, he must get her to safety."
172,Room,"Drama, Thriller",I) (,"Lenny Abrahamson, ","Brie Larson, Jacob Tremblay, Sean Bridgers, Wendy Crewson, ",118,"Held captive for 7 years in an enclosed space, a woman and her young son finally gain their freedom, allowing the boy to experience the outside world for the first time."
173,Relatos salvajes,"Comedy, Drama, Thriller",2014,"Damián Szifron, ","Darío Grandinetti, María Marull, Mónica Villa, Diego Starosta, ",122,Six short stories that explore the extremities of human behavior involving people in distress.
174,PK,"Comedy, Drama, Fantasy",2014,"Rajkumar Hirani, ","Aamir Khan, Anushka Sharma, Sanjay Dutt, Boman Irani, ",153,An alien on Earth loses the only device he can use to communicate with his spaceship. His innocent nature and child-like questions force the country to evaluate the impact of religion on its people.
175,The Grand Budapest Hotel,"Adventure, Comedy, Crime",2014,"Wes Anderson, ","Ralph Fiennes, F. Murray Abraham, Mathieu Amalric, Adrien Brody, ",99 ,"A writer encounters the owner of an aging high-class hotel, who tells him of his early years serving as a lobby boy in the hotel's glorious years under an exceptional concierge."
176,Gone Girl,"Drama, Mystery, Thriller",2014,"David Fincher, ","Ben Affleck, Rosamund Pike, Neil Patrick Harris, Tyler Perry, ",149,"With his wife's disappearance having become the focus of an intense media circus, a man sees the spotlight turned on him when it's suspected that he may not be innocent."
177,Hacksaw Ridge,"Biography, Drama, History",2016,"Mel Gibson, ","Andrew Garfield, Sam Worthington, Luke Bracey, Teresa Palmer, ",139,"World War II American Army Medic Desmond T. Doss, who served during the Battle of Okinawa, refuses to kill people, and becomes the first man in American history to receive the Medal of Honor without firing a shot."
178,12 Years a Slave,"Biography, Drama, History",2013,"Steve McQueen, ","Chiwetel Ejiofor, Michael Kenneth Williams, Michael Fassbender, Brad Pitt, ",134,"In the antebellum United States, Solomon Northup, a free black man from upstate New York, is abducted and sold into slavery."
179,Rush,"Biography, Drama, Sport",I) (,"Ron Howard, ","Daniel Brühl, Chris Hemsworth, Olivia Wilde, Alexandra Maria Lara, ",123,The merciless 1970s rivalry between Formula One rivals James Hunt and Niki Lauda.
180,Ford v. Ferrari,"Action, Biography, Drama",2019,"James Mangold, ","Matt Damon, Christian Bale, Jon Bernthal, Caitriona Balfe, ",152,American car designer Carroll Shelby and driver Ken Miles battle corporate interference and the laws of physics to build a revolutionary race car for Ford in order to defeat Ferrari at the 24 Hours of Le Mans in 1966.
181,Spotlight,"Biography, Crime, Drama",I) (,"Tom McCarthy, ","Mark Ruffalo, Michael Keaton, Rachel McAdams, Liev Schreiber, ",129,"The true story of how the Boston Globe uncovered the massive scandal of child molestation and cover-up within the local Catholic Archdiocese, shaking the entire Catholic Church to its core."
182,The Help,Drama,2011,"Tate Taylor, ","Emma Stone, Viola Davis, Octavia Spencer, Bryce Dallas Howard, ",146,"An aspiring author during the civil rights movement of the 1960s decides to write a book detailing the African American maids' point of view on the white families for which they work, and the hardships they go through on a daily basis."
183,Prisoners,"Crime, Drama, Mystery",2013,"Denis Villeneuve, ","Hugh Jackman, Jake Gyllenhaal, Viola Davis, Melissa Leo, ",153,"When Keller Dover's daughter and her friend go missing, he takes matters into his own hands as the police pursue multiple leads and the pressure mounts."
184,Mad Max: Fury Road,"Action, Adventure, Sci-Fi",2015,"George Miller, ","Tom Hardy, Charlize Theron, Nicholas Hoult, Zoë Kravitz, ",120,"In a post-apocalyptic wasteland, a woman rebels against a tyrannical ruler in search for her homeland with the aid of a group of female prisoners, a psychotic worshiper, and a drifter named Max."
185,Gran Torino,Drama,2008,"Clint Eastwood, ","Clint Eastwood, Bee Vang, Christopher Carley, Ahney Her, ",116,"Disgruntled Korean War veteran Walt Kowalski sets out to reform his neighbor, Thao Lor, a Hmong teenager who tried to steal Kowalski's prized possession: a 1972 Gran Torino."
186,Harry Potter and the Deathly Hallows: Part 2,"Adventure, Drama, Fantasy",2011,"David Yates, ","Daniel Radcliffe, Emma Watson, Rupert Grint, Michael Gambon, ",130,"Harry, Ron, and Hermione search for Voldemort's remaining Horcruxes in their effort to destroy the Dark Lord as the final battle rages on at Hogwarts."
187,Shutter Island,"Mystery, Thriller",2010,"Martin Scorsese, ","Leonardo DiCaprio, Emily Mortimer, Mark Ruffalo, Ben Kingsley, ",138,"In 1954, a U.S. Marshal investigates the disappearance of a murderer who escaped from a hospital for the criminally insane."
188,Hachi: A Dog's Tale,"Drama, Family",2009,"Lasse Hallström, ","Richard Gere, Joan Allen, Cary-Hiroyuki Tagawa, Sarah Roemer, ",93 ,A college professor bonds with an abandoned dog he takes into his home.
189,Mary and Max,"Animation, Comedy, Drama",2009,"Adam Elliot, ","Toni Collette, Philip Seymour Hoffman, Eric Bana, Barry Humphries, ",92 ,"A tale of friendship between two unlikely pen pals: Mary, a lonely, eight-year-old girl living in the suburbs of Melbourne, and Max, a forty-four-year old, severely obese man living in New York."
190,How to Train Your Dragon,"Animation, Action, Adventure",2010,"Dean DeBlois, Chris Sanders, ","Jay Baruchel, Gerard Butler, Christopher Mintz-Plasse, Craig Ferguson, ",98 ,"A hapless young Viking who aspires to hunt dragons becomes the unlikely friend of a young dragon himself, and learns there may be more to the creatures than he assumed."
191,Into the Wild,"Adventure, Biography, Drama",2007,"Sean Penn, ","Emile Hirsch, Vince Vaughn, Catherine Keener, Marcia Gay Harden, ",148,"After graduating from Emory University, top student and athlete Christopher McCandless abandons his possessions, gives his entire $24,000 savings account to charity and hitchhikes to Alaska to live in the wilderness. Along the way, Christopher encounters a series of characters that shape his life."
192,No Country for Old Men,"Crime, Drama, Thriller",2007,"Ethan Coen, Joel Coen, ","Tommy Lee Jones, Javier Bardem, Josh Brolin, Woody Harrelson, ",122,Violence and mayhem ensue after a hunter stumbles upon a drug deal gone wrong and more than two million dollars in cash near the Rio Grande.
193,Million Dollar Baby,"Drama, Sport",2004,"Clint Eastwood, ","Hilary Swank, Clint Eastwood, Morgan Freeman, Jay Baruchel, ",132,A determined woman works with a hardened boxing trainer to become a professional.
194,Hotel Rwanda,"Biography, Drama, History",2004,"Terry George, ","Don Cheadle, Sophie Okonedo, Joaquin Phoenix, Xolani Mali, ",121,Paul Rusesabagina was a hotel manager who housed over a thousand Tutsi refugees during their struggle against the Hutu militia in Rwanda.
195,Salinui chueok,"Action, Crime, Drama",2003,"Bong Joon Ho, ","Kang-ho Song, Sang-kyung Kim, Roe-ha Kim, Jae-ho Song, ",131,"In a small Korean province in 1986, two detectives struggle with the case of multiple young women being found raped and murdered by an unknown culprit."
196,Kill Bill: Vol. 1,"Action, Crime, Thriller",2003,"Quentin Tarantino, ","Uma Thurman, David Carradine, Daryl Hannah, Michael Madsen, ",111,"After awakening from a four-year coma, a former assassin wreaks vengeance on the team of assassins who betrayed her."
197,Finding Nemo,"Animation, Adventure, Comedy",2003,"Andrew Stanton, Lee Unkrich, ","Albert Brooks, Ellen DeGeneres, Alexander Gould, Willem Dafoe, ",100,"After his son is captured in the Great Barrier Reef and taken to Sydney, a timid clownfish sets out on a journey to bring him home."
198,Catch Me If You Can,"Biography, Crime, Drama",2002,"Steven Spielberg, ","Leonardo DiCaprio, Tom Hanks, Christopher Walken, Martin Sheen, ",141,"A seasoned FBI agent pursues Frank Abagnale Jr. who, before his 19th birthday, successfully forged millions of dollars' worth of checks while posing as a Pan Am pilot, a doctor, and a legal prosecutor."
199,Amores perros,"Drama, Thriller",2000,"Alejandro G. Iñárritu, ","Emilio Echevarría, Gael García Bernal, Goya Toledo, Álvaro Guerrero, ",154,"A horrific car accident connects three stories, each involving characters dealing with loss, regret, and life's harsh realities, all in the name of love."
200,"Shin seiki Evangelion Gekijô-ban: Air/Magokoro wo, kimi ni","Animation, Action, Drama",1997,"Hideaki Anno, Kazuya Tsurumaki, ","Megumi Ogata, Megumi Hayashibara, Yûko Miyamura, Kotono Mitsuishi, ",87 ,Concurrent theatrical ending of the TV series Shin Seiki Evangelion (1995).
201,Lagaan: Once Upon a Time in India,"Adventure, Drama, Musical",2001,"Ashutosh Gowariker, ","Aamir Khan, Raghuvir Yadav, Gracy Singh, Rachel Shelley, ",224,The people of a small village in Victorian India stake their future on a game of cricket against their ruthless British rulers.
202,The Sixth Sense,"Drama, Mystery, Thriller",1999,"M. Night Shyamalan, ","Bruce Willis, Haley Joel Osment, Toni Collette, Olivia Williams, ",107,A boy who communicates with spirits seeks the help of a disheartened child psychologist.
203,The Truman Show,"Comedy, Drama, Sci-Fi",1998,"Peter Weir, ","Jim Carrey, Ed Harris, Laura Linney, Noah Emmerich, ",103,An insurance salesman discovers his whole life is actually a reality TV show.
204,The Big Lebowski,"Comedy, Crime, Sport",1998,"Joel Coen, Ethan Coen, ","Jeff Bridges, John Goodman, Julianne Moore, Steve Buscemi, ",117,"Jeff ""The Dude"" Lebowski, mistaken for a millionaire of the same name, seeks restitution for his ruined rug and enlists his bowling buddies to help get it."
205,Faa yeung nin wa,"Drama, Romance",2000,"Kar-Wai Wong, ","Tony Chiu-Wai Leung, Maggie Cheung, Ping Lam Siu, Tung Cho 'Joe' Cheung, ",98 ,"Two neighbors, a woman and a man, form a strong bond after both suspect extramarital activities of their spouses. However, they agree to keep their bond platonic so as not to commit similar wrongs."
206,Trainspotting,Drama,1996,"Danny Boyle, ","Ewan McGregor, Ewen Bremner, Jonny Lee Miller, Kevin McKidd, ",93 ,"Renton, deeply immersed in the Edinburgh drug scene, tries to clean up and get out, despite the allure of the drugs and influence of friends."
207,Fargo,"Crime, Drama, Thriller",1996,"Joel Coen, Ethan Coen, ","William H. Macy, Frances McDormand, Steve Buscemi, Peter Stormare, ",98 ,Jerry Lundegaard's inept crime falls apart due to his and his henchmen's bungling and the persistent police work of the quite pregnant Marge Gunderson.
208,La haine,"Crime, Drama",1995,"Mathieu Kassovitz, ","Vincent Cassel, Hubert Koundé, Saïd Taghmaoui, Abdel Ahmed Ghili, ",98 ,24 hours in the lives of three young men in the French suburbs the day after a violent riot.
209,Before Sunrise,"Drama, Romance",1995,"Richard Linklater, ","Ethan Hawke, Julie Delpy, Andrea Eckert, Hanno Pöschl, ",101,"A young man and woman meet on a train in Europe, and wind up spending one evening together in Vienna. Unfortunately, both know that this will probably be their only night together."
210,Jurassic Park,"Action, Adventure, Sci-Fi",1993,"Steven Spielberg, ","Sam Neill, Laura Dern, Jeff Goldblum, Richard Attenborough, ",127,A pragmatic paleontologist visiting an almost complete theme park is tasked with protecting a couple of kids after a power failure causes the park's cloned dinosaurs to run loose.
211,In the Name of the Father,"Biography, Drama",1993,"Jim Sheridan, ","Daniel Day-Lewis, Pete Postlethwaite, Alison Crosbie, Philip King, ",133,A man's coerced confession to an I.R.A. bombing he did not commit results in the imprisonment of his father as well. An English lawyer fights to free them.
212,Dead Poets Society,"Comedy, Drama",1989,"Peter Weir, ","Robin Williams, Robert Sean Leonard, Ethan Hawke, Josh Charles, ",128,English teacher John Keating inspires his students to look at poetry with a different perspective of authentic knowledge and feelings.
213,The Princess Bride,"Adventure, Family, Fantasy",1987,"Rob Reiner, ","Cary Elwes, Mandy Patinkin, Robin Wright, Chris Sarandon, ",98 ,"While home sick in bed, a young boy's grandfather reads him the story of a farmboy-turned-pirate who encounters numerous obstacles, enemies and allies in his quest to be reunited with his true love."
214,Stand by Me,"Adventure, Drama",1986,"Rob Reiner, ","Wil Wheaton, River Phoenix, Corey Feldman, Jerry O'Connell, ",89 ,"After the death of one of his friends, a writer recounts a boyhood journey with his friends to find the body of a missing boy."
215,Platoon,"Drama, War",1986,"Oliver Stone, ","Charlie Sheen, Tom Berenger, Willem Dafoe, Keith David, ",120,A young soldier in Vietnam faces a moral crisis when confronted with the horrors of war and the duality of man.
216,"Paris, Texas",Drama,1984,"Wim Wenders, ","Harry Dean Stanton, Nastassja Kinski, Dean Stockwell, Aurore Clément, ",145,"Travis Henderson, an aimless drifter who has been missing for four years, wanders out of the desert and must reconnect with society, himself, his life, and his family."
217,Kaze no tani no Naushika,"Animation, Adventure, Fantasy",1984,"Hayao Miyazaki, ","Sumi Shimamoto, Mahito Tsujimura, Hisako Kyôda, Gorô Naya, ",117,Warrior and pacifist Princess Nausicaä desperately struggles to prevent two warring nations from destroying themselves and their dying planet.
218,The Thing,"Horror, Mystery, Sci-Fi",1982,"John Carpenter, ","Kurt Russell, Wilford Brimley, Keith David, Richard Masur, ",109,A research team in Antarctica is hunted by a shape-shifting alien that assumes the appearance of its victims.
219,Blade Runner,"Action, Sci-Fi, Thriller",1982,"Ridley Scott, ","Harrison Ford, Rutger Hauer, Sean Young, Edward James Olmos, ",117,"A blade runner must pursue and terminate four replicants who stole a ship in space, and have returned to Earth to find their creator."
220,The Elephant Man,"Biography, Drama",1980,"David Lynch, ","Anthony Hopkins, John Hurt, Anne Bancroft, John Gielgud, ",124,"A Victorian surgeon rescues a heavily disfigured man who is mistreated while scraping a living as a side-show freak. Behind his monstrous façade, there is revealed a person of kindness, intelligence and sophistication."
221,Life of Brian,Comedy,1979,"Terry Jones, ","Graham Chapman, John Cleese, Michael Palin, Terry Gilliam, ",94 ,"Born on the original Christmas in the stable next door to Jesus Christ, Brian of Nazareth (Graham Chapman) spends his life being mistaken for a messiah."
222,The Deer Hunter,"Drama, War",1978,"Michael Cimino, ","Robert De Niro, Christopher Walken, John Cazale, John Savage, ",183,An in-depth examination of the ways in which the U.S. Vietnam War impacts and disrupts the lives of people in a small industrial town in Pennsylvania.
223,Rocky,"Drama, Sport",1976,"John G. Avildsen, ","Sylvester Stallone, Talia Shire, Burt Young, Carl Weathers, ",120,A small-time boxer gets a supremely rare chance to fight a heavy-weight champion in a bout in which he strives to go the distance for his self-respect.
224,Network,Drama,1976,"Sidney Lumet, ","Faye Dunaway, William Holden, Peter Finch, Robert Duvall, ",121,A television network cynically exploits a deranged former anchor's ravings and revelations about the news media for its own profit.
225,Barry Lyndon,"Adventure, Drama, History",1975,"Stanley Kubrick, ","Ryan O'Neal, Marisa Berenson, Patrick Magee, Hardy Krüger, ",185,An Irish rogue wins the heart of a rich widow and assumes her dead husband's aristocratic position in 18th-century England.
226,Cool Hand Luke,"Crime, Drama",1967,"Stuart Rosenberg, ","Paul Newman, George Kennedy, Strother Martin, J.D. Cannon, ",127,"A laid back Southern man is sentenced to two years in a rural prison, but refuses to conform."
227,Persona,"Drama, Thriller",1966,"Ingmar Bergman, ","Bibi Andersson, Liv Ullmann, Margaretha Krook, Gunnar Björnstrand, ",85 ,A nurse is put in charge of a mute actress and finds that their personae are melding together.
228,Les quatre cents coups,"Crime, Drama",1959,"François Truffaut, ","Jean-Pierre Léaud, Albert Rémy, Claire Maurier, Guy Decomble, ",99 ,"A young boy, left without attention, delves into a life of petty crime."
229,Ben-Hur,"Adventure, Drama, History",1959,"William Wyler, ","Charlton Heston, Jack Hawkins, Stephen Boyd, Haya Harareet, ",212,"After a Jewish prince is betrayed and sent into slavery by a Roman friend, he regains his freedom and comes back for revenge."
230,Kumonosu-jô,"Drama, History",1957,"Akira Kurosawa, ","Toshirô Mifune, Minoru Chiaki, Isuzu Yamada, Takashi Shimura, ",110,"A war-hardened general, egged on by his ambitious wife, works to fulfill a prophecy that he would become lord of Spider's Web Castle."
231,The Bridge on the River Kwai,"Adventure, Drama, War",1957,"David Lean, ","William Holden, Alec Guinness, Jack Hawkins, Sessue Hayakawa, ",161,"British POWs build a railway bridge across the river Kwai for their Japanese captors, oblivious of the Allies' plans to destroy it."
232,On the Waterfront,"Crime, Drama, Thriller",1954,"Elia Kazan, ","Marlon Brando, Karl Malden, Lee J. Cobb, Rod Steiger, ",108,An ex-prize fighter turned longshoreman struggles to stand up to his corrupt union bosses.
233,Le salaire de la peur,"Adventure, Drama, Thriller",1953,"Henri-Georges Clouzot, ","Yves Montand, Charles Vanel, Peter van Eyck, Folco Lulli, ",131,"In a decrepit South American village, four men are hired to transport an urgent nitroglycerine shipment without the equipment that would make it safe."
234,Ace in the Hole,"Drama, Film-Noir",1951,"Billy Wilder, ","Kirk Douglas, Jan Sterling, Robert Arthur, Porter Hall, ",111,"A frustrated former big-city journalist now stuck working for an Albuquerque newspaper exploits a story about a man trapped in a cave to rekindle his career, but the situation quickly escalates into an out-of-control circus."
235,White Heat,"Action, Crime, Drama",1949,"Raoul Walsh, ","James Cagney, Virginia Mayo, Edmond O'Brien, Margaret Wycherly, ",114,A psychopathic criminal with a mother complex makes a daring break from prison and leads his old gang in a chemical plant payroll heist.
236,The Third Man,"Film-Noir, Mystery, Thriller",1949,"Carol Reed, ","Orson Welles, Joseph Cotten, Alida Valli, Trevor Howard, ",104,"Pulp novelist Holly Martins travels to shadowy, postwar Vienna, only to find himself investigating the mysterious death of an old friend, Harry Lime."
237,The Red Shoes,"Drama, Music, Romance",1948,"Michael Powell, Emeric Pressburger, ","Anton Walbrook, Marius Goring, Moira Shearer, Jean Short, ",135,A young ballet dancer is torn between the man she loves and her pursuit to become a prima ballerina.
238,Rebecca,"Drama, Mystery, Romance",1940,"Alfred Hitchcock, ","Laurence Olivier, Joan Fontaine, George Sanders, Judith Anderson, ",130,A self-conscious woman juggles adjusting to her new role as an aristocrat's wife and avoiding being intimidated by his first wife's spectral presence.
239,Mr. Smith Goes to Washington,"Comedy, Drama",1939,"Frank Capra, ","James Stewart, Jean Arthur, Claude Rains, Edward Arnold, ",129,"A naive man is appointed to fill a vacancy in the United States Senate. His plans promptly collide with political corruption, but he doesn't back down."
240,Gone with the Wind,"Drama, History, Romance",1939,"Victor Fleming, George Cukor, Sam Wood, ","Clark Gable, Vivien Leigh, Thomas Mitchell, Barbara O'Neil, ",238,A manipulative woman and a roguish man conduct a turbulent romance during the American Civil War and Reconstruction periods.
241,It Happened One Night,"Comedy, Romance",1934,"Frank Capra, ","Clark Gable, Claudette Colbert, Walter Connolly, Roscoe Karns, ",105,A spoiled heiress running away from her family is helped by a man who is actually a reporter in need of a story.
242,La passion de Jeanne d'Arc,"Biography, Drama, History",1928,"Carl Theodor Dreyer, ","Maria Falconetti, Eugene Silvain, André Berley, Maurice Schutz, ",110,"In 1431, Jeanne d'Arc is placed on trial on charges of heresy. The ecclesiastical jurists attempt to force Jeanne to recant her claims of holy visions."
243,The General,"Action, Adventure, Comedy",1926,"Clyde Bruckman, Buster Keaton, ","Buster Keaton, Marion Mack, Glen Cavender, Jim Farley, ",67 ,"When Union spies steal an engineer's beloved locomotive, he pursues it single-handedly and straight through enemy lines."
244,Before Sunset,"Drama, Romance",2004,"Richard Linklater, ","Ethan Hawke, Julie Delpy, Vernon Dobtcheff, Louise Lemoine Torrès, ",80 ,"Nine years after Jesse and Celine first met, they encounter each other again on the French leg of Jesse's book tour."
245,"Monsters, Inc.","Animation, Adventure, Comedy",2001,"Pete Docter, David Silverman, Lee Unkrich, ","Billy Crystal, John Goodman, Mary Gibbs, Steve Buscemi, ",92 ,"In order to power the city, monsters have to scare children so that they scream. However, the children are toxic to the monsters, and after a child gets through, 2 monsters realize things may not be what they think."
246,Aladdin,"Animation, Adventure, Comedy",1992,"Ron Clements, John Musker, ","Scott Weinger, Robin Williams, Linda Larkin, Jonathan Freeman, ",90 ,A kindhearted street urchin and a power-hungry Grand Vizier vie for a magic lamp that has the power to make their deepest wishes come true.
247,Akira,"Animation, Drama, Sci-Fi",1988,"Katsuhiro Ôtomo, ","Mitsuo Iwata, Nozomu Sasaki, Mami Koyama, Tesshô Genda, ",124,A secret military project endangers Neo-Tokyo when it turns a biker gang member into a rampaging psychic psychopath who can only be stopped by two teenagers and a group of psychics.
248,The Terminator,"Action, Sci-Fi",1984,"James Cameron, ","Arnold Schwarzenegger, Linda Hamilton, Michael Biehn, Paul Winfield, ",107,"In 1984, a human soldier is tasked to stop an indestructible cyborg killing machine, both sent from 2029, from executing a young woman, whose unborn son is the key to humanity's future salvation."
249,Butch Cassidy and the Sundance Kid,"Biography, Crime, Drama",1969,"George Roy Hill, ","Paul Newman, Robert Redford, Katharine Ross, Strother Martin, ",110,"Wyoming, early 1900s. Butch Cassidy and The Sundance Kid are the leaders of a band of outlaws. After a train robbery goes wrong they find themselves on the run with a posse hard on their heels. Their solution - escape to Bolivia."
